,address,min_dist,name_web,web_lat,web_lng,weight
33375,"Columbusweg 30 Amersfoort, Utrecht 3814 WE",0.16748491004545782,- or -,52.1598809,5.4024168,0.020437746731746798
31895,"Postbus 28120, 2502 KC Den Haag",0.30079926814267965,1 dag,52.0818604,4.346826,0.05555555555555555
33453,"Columbusweg 30 Amersfoort, Utrecht 3814 WE",0.10246148732294323,10 jaar,52.1598809,5.4024168,0.07692307692307693
31902,"Postbus 28120, 2502 KC Den Haag",0.0015550679379505944,2593 HT Den Haag,52.0818604,4.346826,0.019230769230769232
33316,"Columbusweg 30 Amersfoort, Utrecht 3814 WE",0.26552195354624497,3 maanden,52.1598809,5.4024168,0.1111111111111111
30450,"Kwartellaan 13 Zeist, Utrecht 3704 ET",0.32661539061484146,6 maanden,52.0922815,5.2135435,0.05555555555555555
67574,"Postbus 440 Aalsmeer, Noord-Holland 1430 AK",0.008667243933446166,Afdeling Aalsmeer,52.2621639,4.7619222,0.01186707874746588
32705,"Gasthuisstraat 78 Winterswijk, Gelderland 7101 DX",1.3700136850310274e-06,Afdeling Achterhoek Oost,51.973461799999995,6.7153871,0.05882352941176471
47851,"Duivenstraat 70 Papendrecht, Zuid-Holland 3353 AG",0.25495820217484816,Afdeling Alblasserwaard,51.825803,4.6907499,0.05555555555555555
19162,"Hofkampstraat 102 Almelo, Overijssel 7607 NJ",0.03752757581988258,Afdeling Almelo,52.3532884,6.6735415,0.013138551470408657
6114,"Wagenmakerbaan 47 Almere, Flevoland 1315 BC",0.0003047293203795835,Afdeling Almere,52.3694673,5.2145011,0.03448275862068965
42881,"Dillenburg 2 Alphen Aan Den Rijn, Zuid-Holland 2404 EV",0.00017379964284183752,Afdeling Alphen aan de Rijn e.o.,52.1334028,4.6530849000000005,0.019230769230769232
33301,"Columbusweg 30 Amersfoort, Utrecht 3814 WE",0.0,Afdeling Amersfoort-Eemland,52.1598809,5.4024168,0.023809523809523808
18434,"Hueseplein 15 Amstelveen, Noord-Holland 1185 HH",0.027594151200092617,Afdeling Amstelveen,52.2968493,4.855462699999999,0.00799737915590092
64963,"Valkenburgerstraat 24 Amsterdam, Noord-Holland 1011 LZ",0.0,Afdeling Amsterdam,52.3702505,4.9080238,0.027027027027027032
61542,"Schuttersweg 41 Apeldoorn, Gelderland 7314 LD",0.00014572662687679618,Afdeling Apeldoorn,52.21387739999999,5.9433802,0.02564102564102564
494,"Cattepoelseweg 263 Arnhem, Gelderland 6815 CD",0.009690856994183657,Afdeling Arnhem,52.00366210000001,5.9098378999999985,0.029411764705882356
39465,"Delft 73 Assen, Drenthe 9406 GD",0.00010120780380636864,Afdeling Assen-Vries,52.9964424,6.537250299999998,0.009196986029286059
54458,"Burgemeester Penstraat 6 Baarn, Utrecht 3741 AH",0.0,Afdeling Baarn-Soest,52.2127923,5.2932989,0.014715177646857694
33797,"Nijkerkerweg 119 Barneveld, Gelderland 3771 LA",0.0,Afdeling Barneveld,52.150521600000005,5.5666421999999995,0.02564102564102564
33,"Keulseweg 39 A Reuver, Limburg 5953 HE",0.0,Afdeling Beesel Reuver Offenbeek,51.28634479999999,6.0848605000000004,0.009681037925564271
39213,"Postadres: Heidenendstraat 21 Tegelen, Limburg 5932 XV",0.16667969139789793,Afdeling Belfeld,51.334492700000006,6.1585363,0.047619047619047616
45038,"Eksterstraat 12 Benschop, Utrecht 3405 WH",0.003716780116394685,Afdeling Benschop,52.00556230000001,4.9770708,0.010510841176326923
67103,"Pieter Mondriaanstraat 11 Bergen Lb, Limburg 5854GA",0.0329889862608326,Afdeling Bergen (L,51.603622200000004,6.0601818,0.030303030303030307
11333,"Karmel 225 Bergen Op Zoom, Noord-Brabant 4613 BS",0.00016319948925533733,Afdeling Bergen op Zoom e.o.,51.5030394,4.2773428,0.00014037389581428056
9538,"Postbus 130 Bergen Nh, Noord-Holland 1860 AC",0.2459072103125765,Afdeling Bergen-Egmond-Schoorl,52.674936800000005,4.7063945999999985,0.030303030303030307
69217,"Haarloseweg 2 -3 Borculo, Gelderland 7271 BT",0.0025093419113887553,Afdeling Berkelland,52.1117226,6.522216299999998,0.027777777777777776
23944,"Nazarethstraat 144 Best, Noord-Brabant 5683 AB",0.003612442025900285,Afdeling Best,51.5110576,5.394207700000001,0.047619047619047616
47485,"Schoolstraat 16 Beuningen Gld, Gelderland 6641 EV",0.00013770054650996447,Afdeling Beuningen (Gld,51.8618381,5.7723252999999985,0.0004259450904356786
39856,"Jamarstraat 11 Simpelveld, Limburg 6369 ED",0.0,Afdeling Bocholtz-Simpelveld-Vaals,50.8363404,5.980809499999999,0.012262648039048078
64235,"Koninginneweg 3 a Bodegraven, Zuid-Holland 2411 XK",3.1665993927957695e-05,Afdeling Bodegraven,52.0875589,4.7557816,0.008759034313605769
16536,"Hoveniersland 22 Zaltbommel, Gelderland 5301 VA",0.020399516570923443,Afdeling Bommelerwaard,51.807848799999995,5.239637099999999,0.027777777777777776
56369,"Eendenkuil 1 Odoorn, Drenthe 7873 BM",0.08262007633742076,Afdeling Borger-Odoorn,52.85078299999999,6.8450973999999984,0.010510841176326923
55725,"Doetinchemseweg 7 Zelhem, Gelderland 7021 BP",0.5077989612896169,Afdeling Bronckhorst,52.0052793,6.3484697,0.043478260869565216
14816,"Handelstraat 45 Eerbeek, Gelderland 6961 AD",0.0,Afdeling Brummen-Eerbeek-Hall-Loenen,52.11037779999999,6.0554156,0.010218873365873396
63003,"De Insel 18 Brunssum, Limburg 6442 AJ",0.0,Afdeling Brunssum e.o.,50.949388299999995,5.9820765,0.023809523809523808
10866,"Willem Dreesstraat 3 Bunschoten Spakenburg, Utrecht 3752 AX",0.0002623082728910997,Afdeling Bunschoten/Spakenburg,52.249562100000006,5.3748594,0.0003663127777746837
54136,"Groningen,",0.019004269627788856,Afdeling Centraal Groningen,53.2193835,6.566501700000001,0.02
20107,"Otto van Reesweg 10 Culemborg, Gelderland 4105 AA",0.020084096148976743,Afdeling Culemborg,51.95296630000001,5.2195697,0.009942687599228173
3725,"Kloosterstraat 16 Lemelerveld, Overijssel 8152 AP",4.392306183901394e-05,Afdeling Dalfsen-Lemelerveld-Nieuwleusen,52.4462282,6.3373791,0.009432806183883136
37278,"Hoge Steenweg 19 Breda, Noord-Brabant 4811 CG",0.4758717549057538,Afdeling De Baronie,51.59497589999999,4.7907028,0.07692307692307693
56677,"Sint Laurensweg 13 De Bilt, Utrecht 3732 BA",2.1642579538517487e-05,Afdeling De Bilt,52.11213239999999,5.1859605,0.00131018600968063
14860,"Handelstraat 45 Eerbeek, Gelderland 6961 AD",0.5166680456395432,Afdeling De Graafschap,52.11037779999999,6.0554156,0.043478260869565216
58570,"James Ensorstraat 3 Waalwijk, Noord-Brabant 5143 HC",0.18365792554465712,Afdeling De Langstraat,51.6792489,5.0877338,0.043478260869565216
11223,"De Waring 38 Hoogeveen, Drenthe 7908 LE",0.2430659620212274,Afdeling De Wolden,52.713770200000006,6.443499600000001,0.038461538461538464
67929,"Torendreef 22 Bladel, Noord-Brabant 5531 ET",0.00016187444026064598,Afdeling De Zaligheden,51.370369000000004,5.224833900000001,0.043478260869565216
2691,"Delft,",0.0,Afdeling Delft Midden-Delfland,52.01157689999999,4.3570677,0.03448275862068965
29005,"Zilverstraat 2 Den Haag, Zuid-Holland 2544 ER",0.1047744645059776,Afdeling Den Haag-Rijswijk,52.0512932,4.2609512,0.03125
56065,"Bankastraat 27 Den Helder, Noord-Holland 1782 TA",0.00044481374881136807,Afdeling Den Helder,52.95832720000001,4.7496775,0.0013455964423747012
40165,"H G Gooszenstraat 10 Deventer, Overijssel 7415 CL",0.0501878947955595,Afdeling Deventer,52.263288700000004,6.1670674000000005,0.029411764705882356
38158,"Nordhornsestraat 64 Denekamp, Overijssel 7591 BH",0.0004010408715926117,Afdeling Dinkelland-Oldenzaal,52.379684499999996,7.0113572999999985,0.05882352941176471
53101,"Klaverweide 20 Giesbeek, Gelderland 6987 DB",0.2534946033062809,Afdeling Doesburg e.o.,51.991127500000005,6.0636252,0.043478260869565216
52274,"Bachlaan 7 Doetinchem, Gelderland 7002 MZ",0.024395209350630862,Afdeling Doetinchem,51.966803799999994,6.301681200000001,0.022727272727272728
68753,"Dubbelsteynlaan West 43 Dordrecht, Zuid-Holland 3319 EK",0.0001764799955135299,Afdeling Dordrecht,51.793771500000005,4.695400100000001,0.027027027027027032
43647,"De Gouwe 50 Dronten, Flevoland 8253 PA",0.00016900629970285514,Afdeling Dronten,52.5396772,5.7012507,0.029411764705882356
27468,"Julianalaan 64 Maasbracht, Limburg 6051 AV",0.16562994973017328,Afdeling Echt e.o.,51.1441423,5.8891521,0.03571428571428571
9068,"Klinkenbergerweg 30 C Ede Gld, Gelderland 6711 MK",1.0563420164850768e-06,Afdeling Ede e.o.,52.0402598,5.6709510000000005,0.01186707874746588
1020,"Kramsvogel 42 Eijsden, Limburg 6245 RE",0.21628206490098628,Afdeling Eijsden-Margraten,50.7785822,5.7211979999999985,0.02564102564102564
29137,"Willem van Konijnenburglaan 6 Eindhoven, Noord-Brabant 5613 DW",0.0,Afdeling Eindhoven e.o.,51.4387588,5.495183,0.027777777777777776
8460,"Van Sytzamalaan 3 Oldebroek, Gelderland 8096 AR",0.08560330666565877,Afdeling Elburg en Oldebroek,52.446568299999996,5.9002485999999985,0.02631578947368421
49605,"Slenerbrink 272 Emmen, Drenthe 7812 HL",0.12630517485386408,Afdeling Emmen,52.7583561,6.889520099999999,0.027777777777777776
25234,"Veenroede 21 Emmer-Compascuum, Drenthe 7881 XM",0.013866184176071696,Afdeling Emmer-Compascuum/Roswinkel,52.803529299999994,6.9876195999999995,0.0027067056647322547
15735,"Blekerstraat 81 Enschede, Overijssel 7513 DT",0.004926105814563818,Afdeling Enschede,52.215683,6.884497000000001,0.01081998356386595
58210,"Lohuizerweg 18 -1 Epe, Gelderland 8162 EX",0.0,Afdeling Epe/Heerde,52.3533195,5.9824522999999985,0.01186707874746588
5151,"Lange Haeg 189 Ermelo, Gelderland 3853 EG",0.04846531046658591,Afdeling Ermelo-Putten,52.3012191,5.6011315,0.010218873365873396
62548,"Slobbegorsedijk 2 Heijningen, Noord-Brabant 4794 RR",0.04034274313015337,Afdeling Fijnaart en Heijningen,51.6495414,4.4133662000000005,0.009196986029286059
30245,"Kinkenweg 13 A Geleen, Limburg 6166 AM",0.01828269216791733,Afdeling Geleen e.o.,50.9689896,5.8374777999999985,0.02564102564102564
54786,"Heiweg 5 Malden, Gelderland 6581 EA",0.036581330345115036,Afdeling Gemeente Heumen,51.7915098,5.8519334,0.03125
68526,"Rijksvluchthaven 24 Heijen, Limburg 6591BC",0.1017869464592066,Afdeling Gennep e.o.,51.6823028,5.9724448,0.05882352941176471
14422,"Helmkruid 5 Gieten, Drenthe 9461 LL",0.026033516710849462,Afdeling Gieten/Gasselte,52.9983932,6.772721000000001,0.008175098692698718
35798,"Marnix Gijsenstraat 7 Sommelsdijk, Zuid-Holland 3245 ME",0.05189531130864585,Afdeling Goeree-Overflakkee,51.7637042,4.153779399999999,0.043478260869565216
5591,"In de Korenmolen 30 Duivendrecht, Noord-Holland 1115 GP",0.4777147085462743,Afdeling Gooi- en Vechtstreek,52.3310181,4.9423071,0.03125
18011,"Punt 6 Gouda, Zuid-Holland 2801 PZ",8.658044420476404e-05,Afdeling Gouda en omstreken,52.0072745,4.7142510999999985,0.01081998356386595
30977,"Adriaen Brouwerstraat 10 Haaksbergen, Overijssel 7482 ZK",0.036425305341760764,Afdeling Haaksbergen,52.161247700000004,6.7276769,0.008555335841196334
42469,"Vergierdeweg 52 Haarlem, Noord-Holland 2025 TK",0.00020755186669762788,Afdeling Haarlem e.o.,52.414463299999994,4.6521705,0.025
19757,"Nieuweweg 33b Hoofddorp, Noord-Holland 2132 CK",0.00014586949462389482,Afdeling Haarlemmermeer,52.30519349999999,4.699568699999999,0.05555555555555555
50142,"Rijpersweg 36 Oud Gastel, Noord-Brabant 4751 AS",0.20076969559508648,Afdeling Halderberge,51.5939355,4.4603095999999995,0.05263157894736842
46615,"Maltezerlaan 3 Harderwijk, Gelderland 3842 AZ",0.00042835804083874877,Afdeling Harderwijk,52.343893900000005,5.6245809,0.008759034313605769
4364,"Damstraat 26 Hardinxveld-Giessendam, Zuid-Holland 3371 AD",0.005954147920820904,Afdeling Hardinxveld-Giessendam e.o.,51.8296819,4.8353419,0.01818181818181818
6815,"Van Galenstraat 40 Hattem, Gelderland 8051 VC",0.0002593947793687937,Afdeling Hattem/Wapenveld,52.472734100000004,6.064153399999999,0.03125
52519,"Nobelstraat 51 Heerlen, Limburg 6411 EL",0.0001180404771660267,Afdeling Heerlen e.o.,50.8838638,5.9793015999999986,0.02631578947368421
32281,"Slimpad 16 C Heiloo, Noord-Holland 1851 LB",0.022417537533050456,Afdeling Heiloo,52.601363,4.710198399999999,0.030303030303030307
40635,"Rembrandtplein 19 Nijverdal, Overijssel 7442 KH",0.025219973668981627,Afdeling Hellendoorn - Nijverdal,52.35970579999999,6.465853099999999,0.009432806183883136
51663,"Nachtegaallaan 215 Helmond, Noord-Brabant 5702 KM",3.107669450152298e-05,Afdeling Helmond e.o.,51.497801200000005,5.665859699999999,0.010510841176326923
68097,"Marnixstraat 1 Hengelo, Overijssel 7553 LC",0.01792280852117224,Afdeling Hengelo-Borne,52.252608,6.8000568,0.011496232536607571
42032,"De Klapstaarten 5 Esbeek, Noord-Brabant 5085 GA",0.09302022852964524,Afdeling Hilvarenbeek,51.46251360000001,5.136890599999999,0.030303030303030307
24520,"Julianastraat 11 Oud-Beijerland, Zuid-Holland 3262 SH",0.26094523285917953,Afdeling Hoeksche Waard,51.8238284,4.413155799999999,0.05263157894736842
27762,"Kloosterlaan 25 Goor, Overijssel 7471 BA",0.02500222914854109,Afdeling Hof van Twente,52.2363423,6.5911715,0.043478260869565216
34777,"Saffier 16 Julianadorp, Noord-Holland 1761 VD",0.3201023392542679,Afdeling Hollands Kroon,52.86136679999999,4.8192119999999985,0.023809523809523808
11293,"De Waring 38 Hoogeveen, Drenthe 7908 LE",0.005251498373854078,Afdeling Hoogeveen,52.713770200000006,6.443499600000001,0.007357588823428847
65735,"Gebroeders van Doornelaan 63 Horst, Limburg 5961 BB",0.05800509566666082,Afdeling Horst aan de Maas,51.4645906,6.0480882000000005,0.03125
12841,"Dijkhoeve 4 Houten, Utrecht 3992 XV",0.005228697735847841,Afdeling Houten,52.034488,5.1652678,0.011147861853680071
65874,"'s Gravenlust 35 IJmuiden, Noord-Holland 1981 AE",0.0015887008521935392,Afdeling IJmond,52.4597657,4.6504593000000005,0.03333333333333333
59200,"Duitslandstraat 7 Ijsselstein Ut, Utrecht 3402 GH",4.6202073345641646e-06,Afdeling IJsselstein,52.0233415,5.0541129,0.009432806183883136
65264,"Wilhelminalaan 20 Kampen, Overijssel 8262 DE",0.0151899612535809,Afdeling Kampen/IJsselmuiden,52.561043700000006,5.9073457000000005,0.008555335841196334
7927,"Bruelisstraat 21 Kapelle, Zeeland 4421 CL",0.0064323912502185785,Afdeling Kapelle,51.4844545,3.963304,0.025
12681,"Prins Hendrikkade 12 Katwijk Zh, Zuid-Holland 2225 TZ",0.020870578216089727,Afdeling Katwijk,52.2052506,4.4077145,0.03333333333333333
45434,"Hoofdstraat 24 b Kerkrade, Limburg 6461 CR",0.00408545544963387,Afdeling Kerkrade,50.86436639999999,6.066051499999999,0.009681037925564271
13150,"Dordsedijk 7 Klazienaveen, Drenthe 7891 NJ",0.0143849620593283,Afdeling Klazienaveen,52.723046499999995,6.9857339000000005,0.007074604637912353
57750,"D. van de Arestraat 17 Vollenhove, Overijssel 8325 GJ",0.09436334787057886,Afdeling Kop van Overijssel,52.676366200000004,5.9604906999999985,0.02564102564102564
16437,"Hoveniersland 22 Zaltbommel, Gelderland 5301 VA",0.10846062848502716,Afdeling Land van Heusden en Altena,51.807848799999995,5.239637099999999,0.004833402972736167
59006,"Lichtenbergerstraat 7 b Landgraaf, Limburg 6371 AS",0.018669536347641427,Afdeling Landgraaf,50.9038888,6.0196146,0.009432806183883136
7548,"Apollolaan 1 B Leiden, Zuid-Holland 2324 BR",0.00020235997133475817,Afdeling Leiden e.o.,52.1397203,4.4763932,0.02564102564102564
9759,"Herenstraat 165 Voorburg, Zuid-Holland 2271 CE",0.0,Afdeling Leidschendam-Voorburg,52.06649470000001,4.3619807999999995,0.030303030303030307
21678,"Wigstraat 15 Lelystad, Flevoland 8223 EE",0.09532656535657463,Afdeling Lelystad,52.52327469999999,5.4940874000000015,0.025
14031,"Vincent van Goghstraat 4 6901 DK ZEVENAAR Zevenaar, Gelderland 6901 DK",0.0034379679478669517,Afdeling Liemers Oost,51.9302388,6.0684220999999985,0.0625
23544,"p/a Langerakstraat 16 Doornenburg, Gelderland 6686 CE",0.16212204458157944,Afdeling Lingewaard-Overbetuwe,51.891229900000006,5.9979118,0.03571428571428571
22578,"Maria-Louiselaan 11 Lopik, Utrecht 3411 XS",0.07163909516696672,Afdeling Lopik/Polsbroek,51.97101019999999,4.946884,0.01081998356386595
44554,"Pelikaanstraat 17 Losser, Overijssel 7581 SZ",0.012585682239859735,Afdeling Losser,52.252266600000006,7.0118521,0.009681037925564271
9915,"Cortenstraat 7 Maastricht, Limburg 6211 HT",0.0,Afdeling Maastricht-Meerssen-Mergelland,50.846810999999995,5.69212,0.02631578947368421
20270,"Evertsenstraat 1 Veghel, Noord-Brabant 5463 HM",0.0,Afdeling Meierijstad Boxtel Boekel,51.6078748,5.5467325,0.038461538461538464
1073,"De Plataan Vledderstraat 3F Meppel, Drenthe 7941 LC",8.29016710449334e-08,Afdeling Meppel/Nijeveen,52.697814,6.194242999999998,0.012262648039048078
41387,"Kerkstraat 1 Rhenen, Utrecht 3911 LD",0.05731733545040136,Afdeling Midden Betuwe,51.9570295,5.5652263,0.04
25039,"Plataan 7 Megen, Gelderland 5366 CJ",0.34891013680053834,Afdeling Midden Maas en Waal e.o.,51.81889049999999,5.5580237,0.045454545454545456
33024,"Bellweg 2 Beilen, Drenthe 9411 PV",0.02044092489653087,Afdeling Midden-Drenthe,52.852331299999996,6.5177339000000005,0.0196078431372549
21480,"Kapitein Rietbergflat 26 Zwijndrecht, Zuid-Holland 3333 CA",0.5435175030688971,Afdeling Moerdijk,51.809429200000004,4.6331444,0.045454545454545456
16811,"Trimpad 4 Vlaardingen, Zuid-Holland 3135 GA",0.00012226552921989955,Afdeling Nieuwe Waterweg Noord,51.9225033,4.3634001,0.043478260869565216
40987,"Constructieweg 6 Nieuwegein, Utrecht 3433 NN",0.047250541063185866,Afdeling Nieuwegein,52.0128076,5.1021433,0.023809523809523808
22046,"Havenstraat 5 b Nijkerk Gld, Gelderland 3861 VS",0.005496739285887861,Afdeling Nijkerk,52.226049700000004,5.4803169,0.011147861853680071
62085,"Gelderselaan 14 Nijmegen, Gelderland 6523 LJ",0.0006792751451534473,Afdeling Nijmegen e.o.,51.83235490000001,5.873633900000001,0.02325581395348837
53471,"Atoomweg 2 B Groningen, Groningen 9743 AK",0.05327711651171558,Afdeling Noord-Groningen,53.213676899999996,6.539162200000001,0.02631578947368421
64796,"Valkenburgerstraat 24 Amsterdam, Noord-Holland 1011 LZ",0.027776075762628912,Afdeling Noord-Kennemerland,52.3702505,4.9080238,0.027777777777777776
42704,"Golda Meirstraat 23 Goes, Zeeland 4463 DC",0.00014150658163544655,Afdeling Noord-West Beveland,51.5170185,3.8852968,0.027777777777777776
46156,"Boslaan 10A Zuidhoorn, Groningen 9801 HG",0.2733695996177507,Afdeling Noord-West Groningen,53.245856200000006,6.4028816,0.02127659574468085
38397,"Hoppad 17 Roden, Drenthe 9301 PG",0.01659843753580268,Afdeling Noordenveld,53.145843500000005,6.4244355,0.04166666666666666
48219,"Oude Dieze 12 S-Hertogenbosch, Noord-Brabant 5211 KV",0.0008770153583400006,Afdeling Noordoost-Brabant,51.685693,5.308294999999998,0.02127659574468085
41769,"Espelerweg 4 Emmeloord, Flevoland 8303 HW",0.3201069236700143,Afdeling Noordoostpolder,52.724597700000004,5.7481342999999985,0.028571428571428567
25501,"Elburgerweg 11 Nunspeet, Gelderland 8071 TA",0.0,Afdeling Nunspeet e.o.,52.38253579999999,5.783679299999998,0.008972669296864447
31855,"Blokshekken 6 Oisterwijk, Noord-Brabant 5061 HA",0.00014095775234585547,Afdeling Oisterwijk,51.580960299999994,5.190225099999999,0.009196986029286059
1975,"De Sterke Arm 10 Veenendaal, Utrecht 3901 ER",0.04521413090872608,Afdeling Ommen,52.021980400000004,5.5562900000000015,0.05555555555555555
37643,"Brummelkant 2 Stadskanaal, Groningen 9502 BB",0.4352098941026313,Afdeling Oost-Groningen,52.996519400000004,6.9603965,0.025
18459,"Hueseplein 15 Amstelveen, Noord-Holland 1185 HH",0.10455755363128193,Afdeling Ouder-Amstel,52.2968493,4.855462699999999,0.030303030303030307
61936,"Centaurusweg 57 Tilburg, Noord-Brabant 5015 TC",0.3013605966871875,Afdeling Peel en Maas,51.577796500000005,5.1066236,0.07692307692307693
18961,"Vulcanusweg 263 Delft, Zuid-Holland 2624 AV",0.205027076053356,Afdeling Pijnacker-Nootdorp,51.9967564,4.3605177,0.04166666666666666
41238,"Kerkstraat 1 Rhenen, Utrecht 3911 LD",0.2598759806392754,Afdeling Renkum-Wageningen,51.9570295,5.5652263,0.037037037037037035
57050,"Kerkstraat 20 Renswoude, Utrecht 3927 BR",5.0554965206552397e-05,Afdeling Renswoude,52.0708369,5.540477200000001,0.009432806183883136
41279,"Kerkstraat 1 Rhenen, Utrecht 3911 LD",0.0002072202435712028,Afdeling Rhenen,51.9570295,5.5652263,0.03125
11761,"Willem de Zwijgerstraat 30 Rijssen, Overijssel 7462 HJ",0.001667169669034062,Afdeling Rijssen,52.302432399999994,6.507378399999999,0.010510841176326923
34325,"Molengriendweg 3 Roermond, Limburg 6041 BN",0.00019941090991262587,Afdeling Roermond e.o.,51.207252600000004,5.9990571,0.008759034313605769
64766,"Plein 15 Rolde, Drenthe 9451 BW",0.00156725443302345,Afdeling Rolde,52.98740970000001,6.644431600000001,0.008972669296864447
44126,"Gezellelaan 18 E Roosendaal, Noord-Brabant 4707 CD",0.0,Afdeling Roosendaal,51.519815200000004,4.4626575,0.008759034313605769
15024,"Leeuwenstraat 9 11 Rotterdam, Zuid-Holland 3011 AL",0.11021439291906754,Afdeling Rotterdam,51.9213939,4.4823332,0.027777777777777776
63786,"Westdorplaan 132 a Raalte, Overijssel 8101 PP",4.12212743962398e-05,Afdeling Salland Midden,52.3779125,6.2703254,0.05263157894736842
34813,"Saffier 16 Julianadorp, Noord-Holland 1761 VD",0.4150891588223296,Afdeling Schagen,52.86136679999999,4.8192119999999985,0.047619047619047616
61201,"Schuitkant 5 Burgh-Haamstede, Zeeland 4328 BE",0.0,Afdeling Schouwen-Duiveland,51.69730990000001,3.7452641000000004,0.03448275862068965
17620,"Hemelsley 20 Sittard, Limburg 6136 HM",7.746033045105222e-05,Afdeling Sittard e.o.,51.0047685,5.8790188,0.02564102564102564
43206,"Beusakker 27 Someren, Noord-Brabant 5712 MG",0.03377081319996654,Afdeling Someren,51.3855954,5.7010448,0.011496232536607571
36458,"Berkenlaan 1 Staphorst, Overijssel 7951 CA",0.013506889576356115,Afdeling Staphorst,52.648692700000005,6.2063254,0.008972669296864447
26825,"Selfhelpweg 2 Sneek, Friesland 8607 AB",0.00011124145685840853,Afdeling Sûdwest Fryslân,53.0280306,5.6616849999999985,0.030303030303030307
49509,"Ankerstraat 24 Oosterend Nh, Noord-Holland 1794 BJ",0.5316210407342875,Afdeling Texel,53.08472020000001,4.8772802,0.05882352941176471
69969,"Noordpoort 10 Sint Maartensdijk, Zeeland 4695 BX",0.0,Afdeling Tholen-Reimerswaal,51.550805,4.078339499999999,0.05
61744,"Centaurusweg 57 Tilburg, Noord-Brabant 5015 TC",0.043520268617739034,Afdeling Tilburg e.o.,51.577796500000005,5.1066236,0.025
4088,"De Wulp 69 Vriezenveen, Overijssel 7671 ZN",0.2379677350254738,Afdeling Twenterand,52.4052122,6.617157400000001,0.047619047619047616
66520,"Geesterweg 25 Uitgeest, Noord-Holland 1911 HK",0.01782601217123303,Afdeling Uitgeest,52.528831700000005,4.708201499999999,0.027777777777777776
27113,"Achterberglaan 63 Uithoorn, Noord-Holland 1422 CX",0.002772111709630293,Afdeling Uithoorn,52.2452468,4.8323608999999985,0.009942687599228173
29736,"Wijk 8 -2 Urk, Flevoland 8321 TG",0.0007526003584437183,Afdeling Urk,52.66346510000001,5.5987392,0.015328310048810096
40746,"Constructieweg 6 Nieuwegein, Utrecht 3433 NN",0.052758516427774994,Afdeling Utrecht,52.0128076,5.1021433,0.02631578947368421
5719,"Dennenhorst 22 a Driebergen-Rijsenburg, Utrecht 3972 GM",0.0,Afdeling Utrechtse Heuvelrug,52.047599700000006,5.2899423,0.03333333333333333
17056,"Bosstraat 5 B Valkenburg Lb, Limburg 6301 HM",0.00030201099632688467,Afdeling Valkenburg aan de Geul/Nuth,50.8717929,5.823334699999998,0.010218873365873396
21043,"Gelukken 15 A Valkenswaard, Noord-Brabant 5552 LD",0.03797089157097282,Afdeling Valkenswaard/A2,51.359421000000005,5.4514208,0.007664155024405048
1999,"De Sterke Arm 10 Veenendaal, Utrecht 3901 ER",0.0534137856786405,Afdeling Veenendaal,52.021980400000004,5.5562900000000015,0.009432806183883136
14710,"Handelstraat 45 Eerbeek, Gelderland 6961 AD",0.3191485773197521,Afdeling Veluwezoom,52.11037779999999,6.0554156,0.04166666666666666
3018,"Bergweg 4 Venray, Limburg 5801 EG Venray",0.024325830567407416,Afdeling Venlo,51.5263244,5.9674363,0.043478260869565216
3141,"Bergweg 4 Venray, Limburg 5801 EG Venray",0.02448534575760741,Afdeling Venray,51.5263244,5.9674363,0.029411764705882356
35423,"Plantageweg 4 Brielle, Zuid-Holland 3232 LE",0.0026676716477023877,Afdeling Voorne-Putten,51.896846999999994,4.165978,0.038461538461538464
14542,"Handelstraat 45 Eerbeek, Gelderland 6961 AD",0.4929390870041388,Afdeling Voorst,52.11037779999999,6.0554156,0.05555555555555555
35222,"Klein Vlaanderen 59 Middelburg, Zeeland 4331 RG",0.23734941926238184,Afdeling Walcheren,51.5014924,3.6082036,0.03448275862068965
47103,"Van Heeckerenstraat 2 A Wassenaar, Zuid-Holland 2242 GX",6.76624132021622e-05,Afdeling Wassenaar,52.140218,4.3921858,0.03225806451612903
2367,"Boerhaavestraat 15 A Weert, Limburg 6001 AV",0.006645351597410113,Afdeling Weert e.o.,51.25578669999999,5.7114425,0.013625164487831196
12046,"Businesspark Friesland-West 42 Nijehaske, Friesland 8466 SL",0.21111130764879613,Afdeling West-Friesland,52.9635356,5.8907777999999995,0.004101069188988264
36962,"James Wattstraat 4 Leeuwarden, Friesland 8912 AR",0.10037697704024112,Afdeling West-Friesland (District Fryslan),53.1921913,5.770281400000001,0.03125
55402,"Dorpsstraat 4 Havelte, Drenthe 7971 CR",0.4872794713803454,Afdeling Westerveld,52.766421799999996,6.245226100000001,0.045454545454545456
24254,"Eltensestraat 17 Duiven, Gelderland 6922 JA",0.0,Afdeling Westervoort-Duiven-Groessen en Loo,51.944522,6.0083087,0.008972669296864447
60061,"Postbus 72 Naaldwijk, Zuid-Holland 2670 AB",0.026077977620452743,Afdeling Westland,51.99237340000001,4.208034400000001,0.047619047619047616
51699,"Veenhof 1955 Wijchen, Gelderland 6604 DG",0.013028116029798148,Afdeling Wijchen,51.819425200000005,5.7339416,0.009942687599228173
28647,"Frankenplantsoen 11 Wijk Bij Duurstede, Utrecht 3962 CG",3.782843797039395e-05,Afdeling Wijk bij Duurstede/Cothen,51.976237299999994,5.3391738,5.164067034721579e-05
44624,"Nicolaas Beetslaan 14 Zandvoort, Noord-Holland 2041 NN",0.0,Afdeling Zandvoort,52.376617200000005,4.5371495,0.029411764705882356
50330,"Mr. F.J. Haarmanweg 13 Terneuzen, Zeeland 4538 AM",0.1001801627591559,Afdeling Zeeuws Vlaanderen,51.3265775,3.8298813999999997,0.03571428571428571
34627,"Postbus 164 Zeewolde, Flevoland 3890 AD",0.046719601407845486,Afdeling Zeewolde,52.331128,5.540495,0.030303030303030307
30562,"Kwartellaan 13 Zeist, Utrecht 3704 ET",0.015605439091722429,Afdeling Zeist,52.0922815,5.2135435,0.010218873365873396
8607,"Clauslaan 2 a Zoetermeer, Zuid-Holland 2713 VN",0.0,Afdeling Zoetermeer,52.0549052,4.4873572,0.024390243902439025
25431,"Veenroede 21 Emmer-Compascuum, Drenthe 7881 XM",0.0951500414816091,Afdeling Zuidoost Drenthe,52.803529299999994,6.9876195999999995,0.02631578947368421
53876,"Groningen,",0.0,Afdeling Zuidoost-Groningen,53.2193835,6.566501700000001,0.02
29513,"Brahmsstraat 5 Zwolle, Overijssel 8031 DB",0.37585804928477207,Afdeling Zwartewaterland,52.52649109999999,6.0927263,0.043478260869565216
29729,"Brahmsstraat 5 Zwolle, Overijssel 8031 DB",0.0,Afdeling Zwolle,52.52649109999999,6.0927263,0.038461538461538464
48361,"Oude Dieze 12 S-Hertogenbosch, Noord-Brabant 5211 KV",0.0,Afdeling s-Hertogenbosch e.o.,51.685693,5.308294999999998,0.007664155024405048
32043,"Postbus 28120, 2502 KC Den Haag",7.004862728684576e-06,Anna van Saksenlaan 50,52.0818604,4.346826,0.022992465073215142
11621,"Karmel 225 Bergen Op Zoom, Noord-Brabant 4613 BS",1.4782655985789668,Blijf op de hoogte,51.5030394,4.2773428,0.045454545454545456
64594,"Plein 15 Rolde, Drenthe 9451 BW",0.11941127301903975,District Drenthe,52.98740970000001,6.644431600000001,0.02564102564102564
37148,"James Wattstraat 4 Leeuwarden, Friesland 8912 AR",0.0015474418127603051,District Fryslân - Werkgroep Dokkum,53.1921913,5.770281400000001,0.03333333333333333
16043,"Omloop 42 Drachten, Friesland 9201 CC",0.028434993152855144,District Fryslân - Werkgroep Drachten,53.1096115,6.0841237999999995,0.011147861853680071
46966,"Edisonstraat 32C Franeker, Friesland 8801 PN",0.03459341118706473,District Fryslân - Werkgroep Harlingen & Franeker,53.1828233,5.5111517,0.011147861853680071
12234,"Businesspark Friesland-West 42 Nijehaske, Friesland 8466 SL",0.056274889178354784,District Fryslân - Werkgroep Heerenveen,52.9635356,5.8907777999999995,0.027777777777777776
60258,"Vegelinsweg 6 B Joure, Friesland 8501 BA",0.0108517232271981,District Fryslân - Werkgroep Joure,52.9718256,5.7937977,0.014715177646857694
6664,"Oppers 58 Wolvega, Friesland 8471 ZM",0.009667594051340008,District Fryslân - Werkgroep Wolvega,52.8761067,5.9845741,0.012685497971429044
37376,"Hoge Steenweg 19 Breda, Noord-Brabant 4811 CG",0.01848303664103376,District Midden- en West-Brabant,51.59497589999999,4.7907028,0.027027027027027032
52890,"Waterlandlaan 101 Purmerend, Noord-Holland 1441 RT",0.0035092299814255433,District Zaanstreek-Waterland,52.50261020000001,4.9617963,0.04166666666666666
14998,"Leeuwenstraat 9 11 Rotterdam, Zuid-Holland 3011 AL",0.049235891026238265,E-mail,51.9213939,4.4823332,0.08333333333333333
9194,"Klinkenbergerweg 30 C Ede Gld, Gelderland 6711 MK",0.13560281643222807,EHBO op uw bedrijf,52.0402598,5.6709510000000005,0.1
5462,"In de Korenmolen 30 Duivendrecht, Noord-Holland 1115 GP",0.09132952537772028,EHBO op uw evenement,52.3310181,4.9423071,0.05
54369,"Burgemeester Penstraat 6 Baarn, Utrecht 3741 AH",0.7856204194447216,HTTP,52.2127923,5.2932989,0.2
30567,"Kwartellaan 13 Zeist, Utrecht 3704 ET",0.0,Het Nederlandse Rode Kruis,52.0922815,5.2135435,0.038461538461538464
12414,"Prins Hendrikkade 12 Katwijk Zh, Zuid-Holland 2225 TZ",0.1739995896736112,Het Rode Kruis biedt hulp in Nederland waar nodig,52.2052506,4.4077145,0.03125
56874,"Sint Laurensweg 13 De Bilt, Utrecht 3732 BA",0.0009716886797934656,Het Rode Kruis bij jou in de buurt,52.11213239999999,5.1859605,0.05882352941176471
48761,"Koningsweg 2 Utrecht, Utrecht 3582 GE",0.0014946877155564279,Hoe het Rode Kruis je helpt,52.07774070000001,5.1333433999999984,0.043478260869565216
65107,"Valkenburgerstraat 24 Amsterdam, Noord-Holland 1011 LZ",0.1956188949222394,Hulp in Nederland,52.3702505,4.9080238,0.04166666666666666
32197,"Postbus 28120, 2502 KC Den Haag",0.09173967422248636,Hulp slachtoffers mensenhandel,52.0818604,4.346826,0.047619047619047616
37407,"Hoge Steenweg 19 Breda, Noord-Brabant 4811 CG",1.8588486786281517,Hulp wereldwijd,51.59497589999999,4.7907028,0.03571428571428571
5401,"In de Korenmolen 30 Duivendrecht, Noord-Holland 1115 GP",0.4653014968346492,Link naar locatie,52.3310181,4.9423071,0.1111111111111111
48725,"Koningsweg 2 Utrecht, Utrecht 3582 GE",0.20399593410512806,Name: (,52.07774070000001,5.1333433999999984,0.1
31482,"Leidekkersdreef 12 Apeldoorn, Gelderland 7328 AT",0.15339019632509132,Neem contact op,52.19610290000001,5.9876787999999985,0.05882352941176471
18164,"Van Limburg Stirumstraat 1a Geldermalsen, Gelderland 4191 GM",0.08899774315977979,Opsporing en ondersteuning,51.8775434,5.2905419,0.045454545454545456
33540,"Columbusweg 30 Amersfoort, Utrecht 3814 WE",0.11948487909581025,Opvang bij evacuatie,52.1598809,5.4024168,0.05
64851,"Valkenburgerstraat 24 Amsterdam, Noord-Holland 1011 LZ",0.08381773704652297,Over cookies,52.3702505,4.9080238,0.0625
26284,"Bussum,",0.3195577780668233,Over ons,52.2737893,5.1663871,0.07142857142857142
48796,"Koningsweg 2 Utrecht, Utrecht 3582 GE",0.0024555583898427033,Rode Kruis,52.07774070000001,5.1333433999999984,0.07142857142857142
32062,"Postbus 28120, 2502 KC Den Haag",0.0,Rode Kruis respecteert je privacy,52.0818604,4.346826,0.043478260869565216
48551,"Koningsweg 2 Utrecht, Utrecht 3582 GE",0.0028648181214831537,Rode Kruis voor jou,52.07774070000001,5.1333433999999984,0.08333333333333333
48840,"Koningsweg 2 Utrecht, Utrecht 3582 GE",0.3429078537176252,Street View,52.07774070000001,5.1333433999999984,0.038461538461538464
28737,"Zilverstraat 2 Den Haag, Zuid-Holland 2544 ER",0.00010982258556448562,StudentenDeskDenHaag@rodekruis.nl,52.0512932,4.2609512,0.03125
64816,"Valkenburgerstraat 24 Amsterdam, Noord-Holland 1011 LZ",0.0,Studentendesk Amsterdam,52.3702505,4.9080238,0.027027027027027032
18855,"Vulcanusweg 263 Delft, Zuid-Holland 2624 AV",0.00029282127427948196,Studentendesk Delft,51.9967564,4.3605177,0.03333333333333333
32144,"Postbus 28120, 2502 KC Den Haag",0.08732894871259585,Studentendesk Den Haag,52.0818604,4.346826,0.02564102564102564
53513,"Atoomweg 2 B Groningen, Groningen 9743 AK",0.0,Studentendesk Groningen,53.213676899999996,6.539162200000001,0.02564102564102564
7442,"Apollolaan 1 B Leiden, Zuid-Holland 2324 BR",0.0003035399570021373,Studentendesk Leiden,52.1397203,4.4763932,0.038461538461538464
10134,"Cortenstraat 7 Maastricht, Limburg 6211 HT",0.0,Studentendesk Maastricht,50.846810999999995,5.69212,0.021739130434782608
62023,"Gelderselaan 14 Nijmegen, Gelderland 6523 LJ",3.363841422228236e-05,Studentendesk Nijmegen,51.83235490000001,5.873633900000001,0.027027027027027032
15057,"Leeuwenstraat 9 11 Rotterdam, Zuid-Holland 3011 AL",2.2285990617795314e-05,Studentendesk Rotterdam,51.9213939,4.4823332,0.02564102564102564
61703,"Centaurusweg 57 Tilburg, Noord-Brabant 5015 TC",0.11849401949814962,Studentendesk Tilburg,51.577796500000005,5.1066236,0.027027027027027032
48797,"Koningsweg 2 Utrecht, Utrecht 3582 GE",0.0008814824989178936,Studentendesk Utrecht,52.07774070000001,5.1333433999999984,0.02564102564102564
41083,"Kerkstraat 1 Rhenen, Utrecht 3911 LD",0.2923604782191848,Studentendesk Wageningen,51.9570295,5.5652263,0.04166666666666666
42749,"Golda Meirstraat 23 Goes, Zeeland 4463 DC",0.030435892068689564,Studentendesk Zeeland,51.5170185,3.8852968,0.008555335841196334
65048,"Valkenburgerstraat 24 Amsterdam, Noord-Holland 1011 LZ",0.15956245034992067,Terrein,52.3702505,4.9080238,0.05882352941176471
7627,"Apollolaan 1 B Leiden, Zuid-Holland 2324 BR",0.16982753744857726,Volg een cursus,52.1397203,4.4763932,0.05555555555555555
2839,"Bergweg 4 Venray, Limburg 5801 EG Venray",0.04131280714998067,Voor bedrijven,51.5263244,5.9674363,0.0625
34864,"Saffier 16 Julianadorp, Noord-Holland 1761 VD",0.3943068224200054,Voor docenten,52.86136679999999,4.8192119999999985,0.045454545454545456
8199,"Van Sytzamalaan 3 Oldebroek, Gelderland 8096 AR",0.2285763014123885,Voor studenten,52.446568299999996,5.9002485999999985,0.04166666666666666
33908,"Nijkerkerweg 119 Barneveld, Gelderland 3771 LA",0.0,Werken bij het Rode Kruis,52.150521600000005,5.5666421999999995,0.038461538461538464
65103,"Valkenburgerstraat 24 Amsterdam, Noord-Holland 1011 LZ",0.0997715315076308,bij je in de buurt,52.3702505,4.9080238,0.05555555555555555
32107,"Postbus 28120, 2502 KC Den Haag",0.0,contactcenter@redcross.nl,52.0818604,4.346826,0.06666666666666668
59623,"Weglangen 6 Westerbork, Drenthe 9431 HK",0.0,drenthe@redcross.nl,52.860763799999994,6.6033652,0.045454545454545456
13050,"Dijkhoeve 4 Houten, Utrecht 3992 XV",0.03275381663933287,evenementenhulphouten@rodekruis.nl,52.034488,5.1652678,0.03333333333333333
48827,"Koningsweg 2 Utrecht, Utrecht 3582 GE",0.22859048600656,facebook.com,52.07774070000001,5.1333433999999984,0.1111111111111111
42581,"Golda Meirstraat 23 Goes, Zeeland 4463 DC",4.881491230847941,google.com,51.5170185,3.8852968,0.05882352941176471
33042,"Bellweg 2 Beilen, Drenthe 9411 PV",0.0010675302032526954,http://www.rodekruis.nl/afdeling/drenthe,52.852331299999996,6.5177339000000005,0.038461538461538464
52889,"Waterlandlaan 101 Purmerend, Noord-Holland 1441 RT",0.004678973308567391,http://www.rodekruis.nl/zaanstreek-waterland/,52.50261020000001,4.9617963,0.05555555555555555
32570,"Gasthuisstraat 78 Winterswijk, Gelderland 7101 DX",1.1090586974060698e-06,https://www.rodekruis.nl/achterhoek-oost/,51.973461799999995,6.7153871,0.047619047619047616
47833,"Duivenstraat 70 Papendrecht, Zuid-Holland 3353 AG",0.0,https://www.rodekruis.nl/alblasserwaard/,51.825803,4.6907499,0.05882352941176471
6104,"Wagenmakerbaan 47 Almere, Flevoland 1315 BC",0.0005198323700592893,https://www.rodekruis.nl/almere/,52.3694673,5.2145011,0.05882352941176471
42983,"Dillenburg 2 Alphen Aan Den Rijn, Zuid-Holland 2404 EV",5.707899236505782e-06,https://www.rodekruis.nl/alphen-aan-den-rijn/,52.1334028,4.6530849000000005,0.0006315737547839374
33280,"Columbusweg 30 Amersfoort, Utrecht 3814 WE",0.0,https://www.rodekruis.nl/amersfoort-eemland/,52.1598809,5.4024168,0.03448275862068965
64970,"Valkenburgerstraat 24 Amsterdam, Noord-Holland 1011 LZ",0.0,https://www.rodekruis.nl/amsterdam-amstelland/,52.3702505,4.9080238,0.03225806451612903
61318,"Schuttersweg 41 Apeldoorn, Gelderland 7314 LD",0.0001578705124498625,https://www.rodekruis.nl/apeldoorn/,52.21387739999999,5.9433802,0.027777777777777776
693,"Cattepoelseweg 263 Arnhem, Gelderland 6815 CD",0.00023559798913201557,https://www.rodekruis.nl/arnhem/,52.00366210000001,5.9098378999999985,0.04166666666666666
33885,"Nijkerkerweg 119 Barneveld, Gelderland 3771 LA",0.0,https://www.rodekruis.nl/barneveld/,52.150521600000005,5.5666421999999995,0.043478260869565216
66996,"Pieter Mondriaanstraat 11 Bergen Lb, Limburg 5854GA",0.0010862875147921694,https://www.rodekruis.nl/bergen/,51.603622200000004,6.0601818,0.05555555555555555
69297,"Haarloseweg 2 -3 Borculo, Gelderland 7271 BT",0.003474473415769045,https://www.rodekruis.nl/berkelland/,52.1117226,6.522216299999998,0.038461538461538464
23975,"Nazarethstraat 144 Best, Noord-Brabant 5683 AB",0.004462428384935646,https://www.rodekruis.nl/best/,51.5110576,5.394207700000001,0.05882352941176471
62861,"De Insel 18 Brunssum, Limburg 6442 AJ",0.0,https://www.rodekruis.nl/brunssum/,50.949388299999995,5.9820765,0.03448275862068965
56898,"Sint Laurensweg 13 De Bilt, Utrecht 3732 BA",4.837753073315674e-05,https://www.rodekruis.nl/de-bilt/,52.11213239999999,5.1859605,0.002928651080462585
14640,"Handelstraat 45 Eerbeek, Gelderland 6961 AD",0.6601869472060831,https://www.rodekruis.nl/de-graafschap/,52.11037779999999,6.0554156,0.05555555555555555
67668,"Torendreef 22 Bladel, Noord-Brabant 5531 ET",0.00033846473872680517,https://www.rodekruis.nl/de-zaligheden/,51.370369000000004,5.224833900000001,0.09090909090909093
18995,"Vulcanusweg 263 Delft, Zuid-Holland 2624 AV",0.0002745199446370144,https://www.rodekruis.nl/delft-midden-delfland/,51.9967564,4.3605177,0.03125
48497,"Oude Dieze 12 S-Hertogenbosch, Noord-Brabant 5211 KV",0.0,https://www.rodekruis.nl/den-bosch/,51.685693,5.308294999999998,0.015328310048810096
9722,"Herenstraat 165 Voorburg, Zuid-Holland 2271 CE",0.12057881503769158,https://www.rodekruis.nl/den-haag-rijswijk/,52.06649470000001,4.3619807999999995,0.05263157894736842
40284,"H G Gooszenstraat 10 Deventer, Overijssel 7415 CL",0.0003510279616502123,https://www.rodekruis.nl/deventer/,52.263288700000004,6.1670674000000005,0.04
24344,"Eltensestraat 17 Duiven, Gelderland 6922 JA",0.0,https://www.rodekruis.nl/doesburg/,51.944522,6.0083087,0.09090909090909093
52098,"Bachlaan 7 Doetinchem, Gelderland 7002 MZ",0.0001114250311130998,https://www.rodekruis.nl/doetinchem/,51.966803799999994,6.301681200000001,0.03333333333333333
68895,"Dubbelsteynlaan West 43 Dordrecht, Zuid-Holland 3319 EK",0.0002332057083571645,https://www.rodekruis.nl/dordrecht/,51.793771500000005,4.695400100000001,0.03571428571428571
33106,"Bellweg 2 Beilen, Drenthe 9411 PV",0.0011102314113828034,https://www.rodekruis.nl/drenthe/,52.852331299999996,6.5177339000000005,0.04
43803,"De Gouwe 50 Dronten, Flevoland 8253 PA",0.06256621526487594,https://www.rodekruis.nl/dronten/,52.5396772,5.7012507,0.04166666666666666
1013,"Kramsvogel 42 Eijsden, Limburg 6245 RE",0.03333132258460119,https://www.rodekruis.nl/eijsden-margraten/,50.7785822,5.7211979999999985,0.03225806451612903
29134,"Willem van Konijnenburglaan 6 Eindhoven, Noord-Brabant 5613 DW",0.0,https://www.rodekruis.nl/eindhoven/,51.4387588,5.495183,0.04166666666666666
8317,"Van Sytzamalaan 3 Oldebroek, Gelderland 8096 AR",0.00035090207953514924,https://www.rodekruis.nl/elburg-en-oldebroek/,52.446568299999996,5.9002485999999985,0.04
49825,"Slenerbrink 272 Emmen, Drenthe 7812 HL",0.0,https://www.rodekruis.nl/emmen/,52.7583561,6.889520099999999,0.05555555555555555
37140,"James Wattstraat 4 Leeuwarden, Friesland 8912 AR",0.0014975243349293276,https://www.rodekruis.nl/fryslan/,53.1921913,5.770281400000001,0.03225806451612903
30228,"Kinkenweg 13 A Geleen, Limburg 6166 AM",0.001129545173661279,https://www.rodekruis.nl/geleen/,50.9689896,5.8374777999999985,0.04166666666666666
35879,"Marnix Gijsenstraat 7 Sommelsdijk, Zuid-Holland 3245 ME",0.00034911940600889036,https://www.rodekruis.nl/goeree-overflakkee/,51.7637042,4.153779399999999,0.05263157894736842
26365,"Bussum,",0.02721650385252764,https://www.rodekruis.nl/gooi-en-vechtstreek/,52.2737893,5.1663871,0.07692307692307693
53578,"Atoomweg 2 B Groningen, Groningen 9743 AK",0.0,https://www.rodekruis.nl/groningen/,53.213676899999996,6.539162200000001,0.030303030303030307
42200,"Vergierdeweg 52 Haarlem, Noord-Holland 2025 TK",0.0003459197778293797,https://www.rodekruis.nl/haarlem/,52.414463299999994,4.6521705,0.04166666666666666
19551,"Nieuweweg 33b Hoofddorp, Noord-Holland 2132 CK",0.00020197314640231587,https://www.rodekruis.nl/haarlemmermeer/,52.30519349999999,4.699568699999999,0.07692307692307693
4564,"Damstraat 26 Hardinxveld-Giessendam, Zuid-Holland 3371 AD",0.0,https://www.rodekruis.nl/hardinxveld-giessendam/,51.8296819,4.8353419,0.02325581395348837
7062,"Van Galenstraat 40 Hattem, Gelderland 8051 VC",0.00034585970582505824,https://www.rodekruis.nl/hattem-wapenveld/,52.472734100000004,6.064153399999999,0.04166666666666666
52457,"Nobelstraat 51 Heerlen, Limburg 6411 EL",0.00017252069739650064,https://www.rodekruis.nl/heerlen/,50.8838638,5.9793015999999986,0.038461538461538464
32230,"Slimpad 16 C Heiloo, Noord-Holland 1851 LB",0.10042119501826234,https://www.rodekruis.nl/heiloo/,52.601363,4.710198399999999,0.05882352941176471
54566,"Heiweg 5 Malden, Gelderland 6581 EA",0.059204238908148674,https://www.rodekruis.nl/heumen/,51.7915098,5.8519334,0.045454545454545456
24774,"Julianastraat 11 Oud-Beijerland, Zuid-Holland 3262 SH",0.0015615102843470265,https://www.rodekruis.nl/hoeksche-waard/,51.8238284,4.413155799999999,0.07142857142857142
65741,"Gebroeders van Doornelaan 63 Horst, Limburg 5961 BB",0.0,https://www.rodekruis.nl/horst/,51.4645906,6.0480882000000005,0.03333333333333333
7891,"Bruelisstraat 21 Kapelle, Zeeland 4421 CL",0.015417022759817968,https://www.rodekruis.nl/kapelle/,51.4844545,3.963304,0.03571428571428571
12680,"Prins Hendrikkade 12 Katwijk Zh, Zuid-Holland 2225 TZ",0.0007833719076497062,https://www.rodekruis.nl/katwijk/,52.2052506,4.4077145,0.045454545454545456
58037,"D. van de Arestraat 17 Vollenhove, Overijssel 8325 GJ",0.12267235223175252,https://www.rodekruis.nl/kop-van-overijssel/,52.676366200000004,5.9604906999999985,0.03333333333333333
7466,"Apollolaan 1 B Leiden, Zuid-Holland 2324 BR",0.0003156815552822228,https://www.rodekruis.nl/leiden/,52.1397203,4.4763932,0.04
9616,"Herenstraat 165 Voorburg, Zuid-Holland 2271 CE",0.0,https://www.rodekruis.nl/leidschendam-voorburg/,52.06649470000001,4.3619807999999995,0.037037037037037035
21848,"Wigstraat 15 Lelystad, Flevoland 8223 EE",0.0,https://www.rodekruis.nl/lelystad/,52.52327469999999,5.4940874000000015,0.04
23614,"p/a Langerakstraat 16 Doornenburg, Gelderland 6686 CE",0.21663627095022933,https://www.rodekruis.nl/lingewaard-overbetuwe/,51.891229900000006,5.9979118,0.047619047619047616
9941,"Cortenstraat 7 Maastricht, Limburg 6211 HT",0.0,https://www.rodekruis.nl/maastricht/,50.846810999999995,5.69212,0.03125
61627,"Centaurusweg 57 Tilburg, Noord-Brabant 5015 TC",0.018353957959820682,https://www.rodekruis.nl/midden-en-west-brabant/,51.577796500000005,5.1066236,0.04166666666666666
61713,"Centaurusweg 57 Tilburg, Noord-Brabant 5015 TC",0.017619799641427854,https://www.rodekruis.nl/midden-west-brabant/,51.577796500000005,5.1066236,0.04
16750,"Trimpad 4 Vlaardingen, Zuid-Holland 3135 GA",0.00023434226433814083,https://www.rodekruis.nl/nieuwe-waterweg-noord/,51.9225033,4.3634001,0.08333333333333333
40814,"Constructieweg 6 Nieuwegein, Utrecht 3433 NN",0.00024067248848786782,https://www.rodekruis.nl/nieuwegein/,52.0128076,5.1021433,0.030303030303030307
42153,"Vergierdeweg 52 Haarlem, Noord-Holland 2025 TK",0.0002594398333720348,https://www.rodekruis.nl/noord-kennemerland/,52.414463299999994,4.6521705,0.03125
42788,"Golda Meirstraat 23 Goes, Zeeland 4463 DC",0.0001756633427198647,https://www.rodekruis.nl/noord-west-beveland/,51.5170185,3.8852968,0.03448275862068965
69623,"Kromstraat 45 Oss, Noord-Brabant 5345 AA",0.0005019538981424172,https://www.rodekruis.nl/noordoost-brabant/,51.7618343,5.514194,0.028571428571428567
41457,"Espelerweg 4 Emmeloord, Flevoland 8303 HW",0.012420125833382615,https://www.rodekruis.nl/noordoostpolder/,52.724597700000004,5.7481342999999985,0.04
65089,"Valkenburgerstraat 24 Amsterdam, Noord-Holland 1011 LZ",0.0,https://www.rodekruis.nl/ouder-amstel/,52.3702505,4.9080238,0.043478260869565216
9596,"Herenstraat 165 Voorburg, Zuid-Holland 2271 CE",0.16364267755115286,https://www.rodekruis.nl/pijnacker-nootdorp/,52.06649470000001,4.3619807999999995,0.07142857142857142
41381,"Kerkstraat 1 Rhenen, Utrecht 3911 LD",0.00024559436275105507,https://www.rodekruis.nl/rhenen/,51.9570295,5.5652263,0.037037037037037035
15220,"Leeuwenstraat 9 11 Rotterdam, Zuid-Holland 3011 AL",2.997081496875921e-05,https://www.rodekruis.nl/rotterdam/,51.9213939,4.4823332,0.03448275862068965
63790,"Westdorplaan 132 a Raalte, Overijssel 8101 PP",5.221361423523708e-05,https://www.rodekruis.nl/salland-midden/,52.3779125,6.2703254,0.06666666666666668
17418,"Hemelsley 20 Sittard, Limburg 6136 HM",0.0001118871439848532,https://www.rodekruis.nl/sittard/,51.0047685,5.8790188,0.037037037037037035
23295,"Kerkvaart 2 Mijdrecht, Utrecht 3641 EP",0.01645666768824265,https://www.rodekruis.nl/stichts-weidegebied/,52.20893539999999,4.865953500000001,0.05
64877,"Valkenburgerstraat 24 Amsterdam, Noord-Holland 1011 LZ",0.0,https://www.rodekruis.nl/studentendesk-amsterdam/,52.3702505,4.9080238,0.03571428571428571
37192,"Hoge Steenweg 19 Breda, Noord-Brabant 4811 CG",0.0,https://www.rodekruis.nl/studentendesk-breda/,51.59497589999999,4.7907028,0.017518068627211537
28815,"Zilverstraat 2 Den Haag, Zuid-Holland 2544 ER",0.07717180551808156,https://www.rodekruis.nl/studentendesk-den-haag/,52.0512932,4.2609512,0.05
53624,"Atoomweg 2 B Groningen, Groningen 9743 AK",0.011686942201361085,https://www.rodekruis.nl/studentendesk-groningen/,53.213676899999996,6.539162200000001,0.03571428571428571
7666,"Apollolaan 1 B Leiden, Zuid-Holland 2324 BR",0.0003758113753359795,https://www.rodekruis.nl/studentendesk-leiden/,52.1397203,4.4763932,0.047619047619047616
62238,"Gelderselaan 14 Nijmegen, Gelderland 6523 LJ",4.2917976766360254e-05,https://www.rodekruis.nl/studentendesk-nijmegen/,51.83235490000001,5.873633900000001,0.03448275862068965
15089,"Leeuwenstraat 9 11 Rotterdam, Zuid-Holland 3011 AL",2.997081496875921e-05,https://www.rodekruis.nl/studentendesk-rotterdam/,51.9213939,4.4823332,0.03448275862068965
61738,"Centaurusweg 57 Tilburg, Noord-Brabant 5015 TC",0.0,https://www.rodekruis.nl/studentendesk-tilburg/,51.577796500000005,5.1066236,0.043478260869565216
48792,"Koningsweg 2 Utrecht, Utrecht 3582 GE",0.001375112698311914,https://www.rodekruis.nl/studentendesk-utrecht/,52.07774070000001,5.1333433999999984,0.04
69929,"Noordpoort 10 Sint Maartensdijk, Zeeland 4695 BX",0.0,https://www.rodekruis.nl/tholen-reimerswaal/,51.550805,4.078339499999999,0.0625
61404,"Schuttersweg 41 Apeldoorn, Gelderland 7314 LD",0.0,https://www.rodekruis.nl/twente/,52.21387739999999,5.9433802,0.04166666666666666
42397,"Vergierdeweg 52 Haarlem, Noord-Holland 2025 TK",0.0006386211283003933,https://www.rodekruis.nl/uitgeest/,52.414463299999994,4.6521705,0.07692307692307693
48507,"Koningsweg 2 Utrecht, Utrecht 3582 GE",0.0014324090607415769,https://www.rodekruis.nl/utrecht/,52.07774070000001,5.1333433999999984,0.04166666666666666
5798,"Dennenhorst 22 a Driebergen-Rijsenburg, Utrecht 3972 GM",0.0,https://www.rodekruis.nl/utrechtse-heuvelrug/,52.047599700000006,5.2899423,0.05263157894736842
65658,"Gebroeders van Doornelaan 63 Horst, Limburg 5961 BB",0.0,https://www.rodekruis.nl/venray/,51.4645906,6.0480882000000005,0.05
35614,"Plantageweg 4 Brielle, Zuid-Holland 3232 LE",0.003853303491125671,https://www.rodekruis.nl/voorne-putten/,51.896846999999994,4.165978,0.05555555555555555
31193,"Leidekkersdreef 12 Apeldoorn, Gelderland 7328 AT",5.678323319424732e-07,https://www.rodekruis.nl/voorst/,52.19610290000001,5.9876787999999985,0.043478260869565216
35341,"Klein Vlaanderen 59 Middelburg, Zeeland 4331 RG",0.0007527605954859379,https://www.rodekruis.nl/walcheren/,51.5014924,3.6082036,0.0625
47350,"Van Heeckerenstraat 2 A Wassenaar, Zuid-Holland 2242 GX",9.988260996509656e-05,https://www.rodekruis.nl/wassenaar/,52.140218,4.3921858,0.047619047619047616
60046,"Postbus 72 Naaldwijk, Zuid-Holland 2670 AB",0.02882302789628988,https://www.rodekruis.nl/westland/,51.99237340000001,4.208034400000001,0.05263157894736842
44860,"Nicolaas Beetslaan 14 Zandvoort, Noord-Holland 2041 NN",0.0,https://www.rodekruis.nl/zandvoort/,52.376617200000005,4.5371495,0.043478260869565216
50554,"Mr. F.J. Haarmanweg 13 Terneuzen, Zeeland 4538 AM",0.003368290442249872,https://www.rodekruis.nl/zeeuws-vlaanderen/,51.3265775,3.8298813999999997,0.043478260869565216
34530,"Postbus 164 Zeewolde, Flevoland 3890 AD",0.0031682497286907017,https://www.rodekruis.nl/zeewolde/,52.331128,5.540495,0.038461538461538464
8744,"Clauslaan 2 a Zoetermeer, Zuid-Holland 2713 VN",0.0,https://www.rodekruis.nl/zoetermeer/,52.0549052,4.4873572,0.04
66862,"Van Haersoltelaan 1 Hasselt, Overijssel 8061 EG",0.002431275268214349,https://www.rodekruis.nl/zwartewaterland/,52.590143999999995,6.1056403,0.16666666666666666
29572,"Brahmsstraat 5 Zwolle, Overijssel 8031 DB",0.0,https://www.rodekruis.nl/zwolle/,52.52649109999999,6.0927263,0.05
54031,"Groningen,",246.8158438790944,knightlab.com,53.2193835,6.566501700000001,0.037037037037037035
7195,"Oranjestraat 10 Panningen, Limburg 5981 CB",0.3550642586383068,lang,51.32387319999999,5.972425899999998,0.07142857142857142
14292,"Helmkruid 5 Gieten, Drenthe 9461 LL",1.0186732960960796,rodekruis.nl,52.9983932,6.772721000000001,0.037037037037037035
68221,"Marnixstraat 1 Hengelo, Overijssel 7553 LC",0.2010045164557621,rtvoost.nl,52.252608,6.8000568,0.05
18907,"Vulcanusweg 263 Delft, Zuid-Holland 2624 AV",0.00031373707958515934,studentendesk.delft@rodekruis.nl,51.9967564,4.3605177,0.03571428571428571
64982,"Valkenburgerstraat 24 Amsterdam, Noord-Holland 1011 LZ",0.0,studentendeskamsterdam@rodekruis.nl,52.3702505,4.9080238,0.027027027027027032
53780,"Atoomweg 2 B Groningen, Groningen 9743 AK",0.0,studentendeskgroningen@rodekruis.nl,53.213676899999996,6.539162200000001,0.02631578947368421
7646,"Apollolaan 1 B Leiden, Zuid-Holland 2324 BR",0.0003156815552822228,studentendeskleiden@rodekruis.nl,52.1397203,4.4763932,0.04
9983,"Cortenstraat 7 Maastricht, Limburg 6211 HT",0.0,studentendeskmaastricht@rodekruis.nl,50.846810999999995,5.69212,0.027027027027027032
62037,"Gelderselaan 14 Nijmegen, Gelderland 6523 LJ",0.0007489443908102112,studentendesknijmegen@rodekruis.nl,51.83235490000001,5.873633900000001,0.02564102564102564
14880,"Leeuwenstraat 9 11 Rotterdam, Zuid-Holland 3011 AL",2.2285990617795314e-05,studentendeskrotterdam@rodekruis.nl,51.9213939,4.4823332,0.02564102564102564
61916,"Centaurusweg 57 Tilburg, Noord-Brabant 5015 TC",0.0,studentendesktilburg@rodekruis.nl,51.577796500000005,5.1066236,0.029411764705882356
48799,"Koningsweg 2 Utrecht, Utrecht 3582 GE",0.001074306795556183,studentendeskutrecht@rodekruis.nl,52.07774070000001,5.1333433999999984,0.03125
41280,"Kerkstraat 1 Rhenen, Utrecht 3911 LD",0.3050718033591494,studentendeskwageningen@rodekruis.nl,51.9570295,5.5652263,0.043478260869565216
48709,"Koningsweg 2 Utrecht, Utrecht 3582 GE",0.004911116779685407,studentendeskzeeland@rodekruis.nl,52.07774070000001,5.1333433999999984,0.14285714285714285
56798,"Sint Laurensweg 13 De Bilt, Utrecht 3732 BA",0.4727850953374901,youtube.com,52.11213239999999,5.1859605,0.0625
